{
    "name": "Abruzzo",
    "products": [
        {
            "name": "Andia European Oak Engineered Hardwood Flooring",
            "description": "Andiaguarantees an economical choice within our ABCD Character grade collection and we assure you that it will give a modern feel to your current or upcoming renovation with its classic Natural European White Oak color and style combination. This distinctive wood floor is cured with layers of UV Lacquer Finish to create both a natural feel and look while maintaining excellent protection. Together with light sanding and wire brushing treatments, these floors boast an elegant texture while maintaining their sleek presentation.",
            "details": {
                "finish": "Matte UV Urethane Aluminum Oxide Finish",
                "grade": "ABCD (Character)",
                "plank_length": "Random Up to 73\u2033 (Most pieces are 73\u2033)",
                "texture": "Wire Brushed",
                "thickness": "1/2\"",
                "wear_layer": "2mm",
                "width": "7-1/2\u2033",
                "color": "Dark"
            },
            "images": [
                "https://villagiowoodfloors.com/wp-content/uploads/2023/07/Andia_Villa_1.jpg",
                "https://villagiowoodfloors.com/wp-content/uploads/2023/07/Andia_Villagio_350-2.jpg",
                "https://villagiowoodfloors.com/wp-content/uploads/2023/07/Andia_Villagio_355-2.jpg",
                "https://villagiowoodfloors.com/wp-content/uploads/2023/07/Andia_Villagio_357-2.jpg",
                "https://villagiowoodfloors.com/wp-content/uploads/2023/07/Andia_Villagio_361-2.jpg",
                "https://villagiowoodfloors.com/wp-content/uploads/2023/07/Andia_Villa_2.jpg"
            ]
        },
        {
            "name": "Beja European Oak Engineered Hardwood Flooring",
            "description": "Bejaguarantees an economical choice within our ABCD Character grade collection and we assure you that it will give a modern feel to your current or upcoming renovation with its classic Natural European White Oak color and style combination. This distinctive wood floor is cured with layers of UV Lacquer Finish to create both a natural feel and look while maintaining excellent protection. Together with light sanding and wire brushing treatments, these floors boast an elegant texture while maintaining their sleek presentation.",
            "details": {
                "finish": "Matte UV Urethane Aluminum Oxide Finish",
                "grade": "ABCD (Character)",
                "plank_length": "Random Up to 73\u2033 (Most pieces are 73\u2033)",
                "texture": "Wire Brushed",
                "thickness": "1/2\"",
                "wear_layer": "2mm",
                "width": "7-1/2\u2033",
                "color": "Dark"
            },
            "images": [
                "https://villagiowoodfloors.com/wp-content/uploads/2023/07/Villagio-Beja-1.jpg",
                "https://villagiowoodfloors.com/wp-content/uploads/2023/07/Beja_Villagio_256-2.jpg",
                "https://villagiowoodfloors.com/wp-content/uploads/2023/07/Beja_Villagio_260-2.jpg",
                "https://villagiowoodfloors.com/wp-content/uploads/2023/07/Beja_Villagio_263-2.jpg",
                "https://villagiowoodfloors.com/wp-content/uploads/2023/07/Beja_Villagio_264-2.jpg",
                "https://villagiowoodfloors.com/wp-content/uploads/2023/07/Beja_Villa_2.jpg"
            ]
        },
        {
            "name": "Forli European Engineered Hardwood Flooring",
            "description": "Forliguarantees an economical choice within our ABCD Character grade collection and we assure you that it will give a modern feel to your current or upcoming renovation with its classic Natural European White Oak color and style combination. This distinctive wood floor is cured with layers of UV Lacquer Finish to create both a natural feel and look while maintaining excellent protection. Together with light sanding and wire brushing treatments, these floors boast an elegant texture while maintaining their sleek presentation.",
            "details": {
                "color": "Dark",
                "finish": "Matte UV Urethane Aluminum Oxide Finish",
                "grade": "ABCD (Character)",
                "plank_length": "Random Up to 73\u2033 (Most pieces are 73\u2033)",
                "texture": "Wire Brushed",
                "thickness": "1/2\"",
                "wear_layer": "2mm",
                "width": "7-1/2\u2033"
            },
            "images": [
                "https://villagiowoodfloors.com/wp-content/uploads/2023/07/Forli_Villa_1.jpg",
                "https://villagiowoodfloors.com/wp-content/uploads/2023/07/Forli_Villagio_157-2.jpg",
                "https://villagiowoodfloors.com/wp-content/uploads/2023/07/Forli_Villagio_159-2.jpg",
                "https://villagiowoodfloors.com/wp-content/uploads/2023/07/Forli_Villagio_151-2.jpg",
                "https://villagiowoodfloors.com/wp-content/uploads/2023/07/Forli_Villagio_158-2.jpg",
                "https://villagiowoodfloors.com/wp-content/uploads/2023/07/Forli_Villa_2.jpg"
            ]
        },
        {
            "name": "Gandra European Oak Engineered Hardwood Flooring",
            "description": "Gandraguarantees an economical choice within our ABCD Character grade collection and we assure you that it will give a modern feel to your current or upcoming renovation with its classic Natural European White Oak color and style combination. This distinctive wood floor is cured with layers of UV Lacquer Finish to create both a natural feel and look while maintaining excellent protection. Together with light sanding and wire brushing treatments, these floors boast an elegant texture while maintaining their sleek presentation.",
            "details": {
                "finish": "Matte UV Urethane Aluminum Oxide Finish",
                "grade": "ABCD (Character)",
                "plank_length": "Random Up to 73\u2033 (Most pieces are 73\u2033)",
                "texture": "Wire Brushed",
                "thickness": "1/2\"",
                "wear_layer": "2mm",
                "width": "7-1/2\u2033",
                "color": "Dark"
            },
            "images": [
                "https://villagiowoodfloors.com/wp-content/uploads/2023/07/Gandra_Villa_1.jpg",
                "https://villagiowoodfloors.com/wp-content/uploads/2023/07/Gandra_Villagio_323-2.jpg",
                "https://villagiowoodfloors.com/wp-content/uploads/2023/07/Gandra_Villagio_330-2.jpg",
                "https://villagiowoodfloors.com/wp-content/uploads/2023/07/Gandra_Villagio_334-2.jpg",
                "https://villagiowoodfloors.com/wp-content/uploads/2023/07/Gandra_Villagio_335-2.jpg"
            ]
        },
        {
            "name": "Greco European Engineered Hardwood Flooring",
            "description": "Grecoguarantees an economical choice within our ABCD Character grade collection and we assure you that it will give a modern feel to your current or upcoming renovation with its classic Natural European White Oak color and style combination. This distinctive wood floor is cured with layers of UV Lacquer Finish to create both a natural feel and look while maintaining excellent protection. Together with light sanding and wire brushing treatments, these floors boast an elegant texture while maintaining their sleek presentation.",
            "details": {
                "finish": "Matte UV Urethane Aluminum Oxide Finish",
                "grade": "ABCD (Character)",
                "plank_length": "Random Up to 73\u2033 (Most pieces are 73\u2033)",
                "texture": "Wire Brushed",
                "thickness": "1/2\"",
                "wear_layer": "2mm",
                "width": "7-1/2\u2033",
                "color": "Dark"
            },
            "images": [
                "https://villagiowoodfloors.com/wp-content/uploads/2023/07/Greco_Villa_1.jpg",
                "https://villagiowoodfloors.com/wp-content/uploads/2023/07/Greco_villagio_181-2.jpg",
                "https://villagiowoodfloors.com/wp-content/uploads/2023/07/Greco_villagio_183-2.jpg",
                "https://villagiowoodfloors.com/wp-content/uploads/2023/07/Greco_villagio_188-2.jpg",
                "https://villagiowoodfloors.com/wp-content/uploads/2023/07/Greco_villagio_194-2.jpg",
                "https://villagiowoodfloors.com/wp-content/uploads/2023/07/Greco_Villa_2.jpg"
            ]
        },
        {
            "name": "Horta European Oak Engineered Hardwood Flooring",
            "description": "Hortaguarantees an economical choice within our ABCD Character grade collection and we assure you that it will give a modern feel to your current or upcoming renovation with its classic Natural European White Oak color and style combination. This distinctive wood floor is cured with layers of UV Lacquer Finish to create both a natural feel and look while maintaining excellent protection. Together with light sanding and wire brushing treatments, these floors boast an elegant texture while maintaining their sleek presentation.",
            "details": {
                "finish": "Matte UV Urethane Aluminum Oxide Finish",
                "grade": "ABCD (Character)",
                "plank_length": "Random Up to 73\u2033 (Most pieces are 73\u2033)",
                "texture": "Wire Brushed",
                "thickness": "1/2\"",
                "wear_layer": "2mm",
                "width": "7-1/2\u2033",
                "color": "Dark"
            },
            "images": [
                "https://villagiowoodfloors.com/wp-content/uploads/2023/07/Horta_Villa_1.jpg",
                "https://villagiowoodfloors.com/wp-content/uploads/2023/07/Horta_Villagio_079-2.jpg",
                "https://villagiowoodfloors.com/wp-content/uploads/2023/07/Horta_Villagio_084-2.jpg",
                "https://villagiowoodfloors.com/wp-content/uploads/2023/07/Horta_Villagio_081-2.jpg",
                "https://villagiowoodfloors.com/wp-content/uploads/2023/07/Horta_Villagio_088-2.jpg",
                "https://villagiowoodfloors.com/wp-content/uploads/2023/07/Horta_Villa_2.jpg"
            ]
        },
        {
            "name": "Lamego European Oak Engineered Hardwood Flooring",
            "description": "Lamegoguarantees an economical choice within our ABCD Character grade collection and we assure you that it will give a modern feel to your current or upcoming renovation with its classic Natural European White Oak color and style combination. This distinctive wood floor is cured with layers of UV Lacquer Finish to create both a natural feel and look while maintaining excellent protection. Together with light sanding and wire brushing treatments, these floors boast an elegant texture while maintaining their sleek presentation.",
            "details": {
                "finish": "Matte UV Urethane Aluminum Oxide Finish",
                "grade": "ABCD (Character)",
                "plank_length": "Random Up to 73\u2033 (Most pieces are 73\u2033)",
                "texture": "Wire Brushed",
                "thickness": "1/2\"",
                "wear_layer": "2mm",
                "width": "7-1/2\u2033",
                "color": "Light"
            },
            "images": [
                "https://villagiowoodfloors.com/wp-content/uploads/2023/07/Lamego_Villa_1.jpg",
                "https://villagiowoodfloors.com/wp-content/uploads/2023/07/Lamego_Villagio_292-3.jpg",
                "https://villagiowoodfloors.com/wp-content/uploads/2023/07/Lamego_Villagio_293-3.jpg",
                "https://villagiowoodfloors.com/wp-content/uploads/2023/07/Lamego_Villagio_300-3.jpg",
                "https://villagiowoodfloors.com/wp-content/uploads/2023/07/Lamego_Villagio_303-3.jpg",
                "https://villagiowoodfloors.com/wp-content/uploads/2023/07/Lamego_Villa_2.jpg"
            ]
        },
        {
            "name": "Torre European Oak Engineered Hardwood Flooring",
            "description": "Torreguarantees an economical choice within our ABCD Character grade collection and we assure you that it will give a modern feel to your current or upcoming renovation with its classic Natural European White Oak color and style combination. This distinctive wood floor is cured with layers of UV Lacquer Finish to create both a natural feel and look while maintaining excellent protection. Together with light sanding and wire brushing treatments, these floors boast an elegant texture while maintaining their sleek presentation.",
            "details": {
                "finish": "Matte UV Urethane Aluminum Oxide Finish",
                "grade": "ABCD (Character)",
                "plank_length": "Random Up to 73\u2033 (Most pieces are 73\u2033)",
                "texture": "Wire Brushed",
                "thickness": "1/2\"",
                "wear_layer": "2mm",
                "width": "7-1/2\u2033",
                "color": "Dark"
            },
            "images": [
                "https://villagiowoodfloors.com/wp-content/uploads/2023/07/Torre_Villa_1.jpg",
                "https://villagiowoodfloors.com/wp-content/uploads/2023/07/Torre_Villagio_230-2.jpg",
                "https://villagiowoodfloors.com/wp-content/uploads/2023/07/Torre_Villagio_225-2.jpg",
                "https://villagiowoodfloors.com/wp-content/uploads/2023/07/Torre_Villagio_222-2.jpg",
                "https://villagiowoodfloors.com/wp-content/uploads/2023/07/Torre_Villagio_221-2.jpg",
                "https://villagiowoodfloors.com/wp-content/uploads/2023/07/Torre_Villa_2.jpg"
            ]
        }
    ]
}