{
    "name": "Andera",
    "products": [
        {
            "name": "Bologna SP European Oak Engineered Hardwood Flooring",
            "description": "Bologna SPpromises an economical choice for straight plank within our Rustic grade selection and we assure you that it will give a modern feel to your current or upcoming renovation with its classic European White Oak color and style combination. This distinctive wood floor is cured with layers of UV Oil to achieve both natural feel and look while maintaining excellent protection. Together with wire brushing and finish treatments, these floors boast an elegant texture while keeping a sleek presentation. For optimal care and longevity, we recommend usingWOCAor BONA hardwood floor products.",
            "details": {
                "finish": "UV Oil",
                "grade": "Rustic",
                "plank_length": "Random Up to 87\u2033 (Most pieces are 87\u2033)",
                "texture": "Wire Brushed",
                "thickness": "5/8\"",
                "wear_layer": "4mm",
                "width": "8-5/8\u2033",
                "color": "Dark"
            },
            "images": [
                "https://villagiowoodfloors.com/wp-content/uploads/2023/07/DSC_7008-scaled-1.jpg",
                "https://villagiowoodfloors.com/wp-content/uploads/2023/07/DSC_6924-scaled-1.jpg",
                "https://villagiowoodfloors.com/wp-content/uploads/2023/07/DSC_6925-scaled-1.jpg",
                "https://villagiowoodfloors.com/wp-content/uploads/2023/07/DSC_6928-scaled-1.jpg",
                "https://villagiowoodfloors.com/wp-content/uploads/2023/07/DSC_6929-scaled-1.jpg"
            ]
        },
        {
            "name": "Foscari Natural/Rustic Engineered Hardwood Flooring",
            "description": "Foscaripromises an economical choice within our wide planked Rustic select grade selection and is guaranteed to add a modern feel to your current or upcoming renovation with its natural\u00a0vintage color and style combination. This particular wood floor is finished with thin layers of Oil to achieve certain finish specialties like leveling, protection together with gloss and it is also wire brushed for the benefit of fine texture while maintaining a smooth appearance.",
            "details": {
                "finish": "Oil",
                "grade": "Rustic Select",
                "plank_length": "Random Up to 87\u2033 (Most pieces are 87\u2033)",
                "texture": "Medium Wire Brushed",
                "thickness": "5/8\"",
                "wear_layer": "4mm",
                "width": "10-1/4\u2033"
            },
            "images": [
                "https://villagiowoodfloors.com/wp-content/uploads/2023/07/Foscari-1-1.jpg",
                "https://villagiowoodfloors.com/wp-content/uploads/2023/07/foscari-7.jpg",
                "https://villagiowoodfloors.com/wp-content/uploads/2023/07/foscari-1.jpg",
                "https://villagiowoodfloors.com/wp-content/uploads/2023/07/foscari-2.jpg",
                "https://villagiowoodfloors.com/wp-content/uploads/2023/07/foscari-5.jpg",
                "https://villagiowoodfloors.com/wp-content/uploads/2023/07/foscari-6-1.jpg",
                "https://villagiowoodfloors.com/wp-content/uploads/2023/07/foscari-4.jpg",
                "https://villagiowoodfloors.com/wp-content/uploads/2023/07/Foscari_installed-1.jpg"
            ]
        },
        {
            "name": "Livorno Natural/Rustic Engineered Hardwood Flooring",
            "description": "Livornopromises an economical choice within our wide planked Rustic select grade selection and is guaranteed to add a modern feel to your current or upcoming renovation with its natural vintage color and style combination. This particular wood floor is finished with thin layers of Oil or UV Lacquer to achieve certain finish specialties like leveling, protection together with gloss and it is also wire brushed for the benefit of fine texture while maintaining a smooth appearance.",
            "details": {
                "finish": "Matte UV Urethane Aluminum Oxide Finish",
                "grade": "Rustic Select",
                "plank_length": "Random Up to 87\u2033 (Most pieces are 87\u2033)",
                "texture": "Medium Wire Brushed",
                "thickness": "5/8\"",
                "wear_layer": "4mm",
                "width": "10-1/4\u2033",
                "color": "Dark"
            },
            "images": [
                "https://villagiowoodfloors.com/wp-content/uploads/2023/07/livorno-1.jpg",
                "https://villagiowoodfloors.com/wp-content/uploads/2023/07/livorno-3.jpg",
                "https://villagiowoodfloors.com/wp-content/uploads/2023/07/livorno-4.jpg",
                "https://villagiowoodfloors.com/wp-content/uploads/2023/07/livorno-5.jpg",
                "https://villagiowoodfloors.com/wp-content/uploads/2023/07/livorno-6.jpg",
                "https://villagiowoodfloors.com/wp-content/uploads/2023/07/livorno-7.jpg",
                "https://villagiowoodfloors.com/wp-content/uploads/2023/07/livorno-9.jpg",
                "https://villagiowoodfloors.com/wp-content/uploads/2023/07/Livormo-1-600x800-1.jpg",
                "https://villagiowoodfloors.com/wp-content/uploads/2023/07/Livormo-1.jpg",
                "https://villagiowoodfloors.com/wp-content/uploads/2023/07/Livormo-2.jpg",
                "https://villagiowoodfloors.com/wp-content/uploads/2023/07/Livormo-3.jpg",
                "https://villagiowoodfloors.com/wp-content/uploads/2023/07/Livormo-4.jpg",
                "https://villagiowoodfloors.com/wp-content/uploads/2023/07/Livormo-5.jpg",
                "https://villagiowoodfloors.com/wp-content/uploads/2023/07/Livormo-6.jpg",
                "https://villagiowoodfloors.com/wp-content/uploads/2023/07/Livorno_Installed-1.jpg"
            ]
        },
        {
            "name": "Novara 10-1/4\u2033 Natural Rustic Engineered Hardwood Flooring",
            "description": "Novara 10-1/4\u2033guarantees an economical choice within our Rustic grade selection and we assure you that it will give a modern feel to your current or upcoming renovation with its classic Natural European White Oak\u00a0color and style combination. This distinctive wood floor is cured with layers of Matte Oil Finish to create both a natural feel and look while maintaining excellent protection. Together with light sanding and wire brushing treatments, these floors boast an elegant texture while maintaining their sleek presentation.",
            "details": {
                "finish": "Oil",
                "grade": "Rustic",
                "plank_length": "Random Up to 87\u2033 (Most pieces are 87\u2033)",
                "texture": "Wire Brushed",
                "thickness": "5/8\"",
                "wear_layer": "4mm",
                "width": "10-1/4\u2033",
                "color": "Natural"
            },
            "images": [
                "https://villagiowoodfloors.com/wp-content/uploads/2023/07/CC_novara10.25-1-1.jpg",
                "https://villagiowoodfloors.com/wp-content/uploads/2023/07/novara10.25-3-1.jpg",
                "https://villagiowoodfloors.com/wp-content/uploads/2023/07/novara10.25-4-1.jpg",
                "https://villagiowoodfloors.com/wp-content/uploads/2023/07/novara10.25-5-1.jpg",
                "https://villagiowoodfloors.com/wp-content/uploads/2023/07/novara10.25-6-1.jpg",
                "https://villagiowoodfloors.com/wp-content/uploads/2023/07/novara10.25-7-1.jpg",
                "https://villagiowoodfloors.com/wp-content/uploads/2023/07/novara10.25-8-1.jpg",
                "https://villagiowoodfloors.com/wp-content/uploads/2023/07/Novara10.25_Installed.jpg"
            ]
        },
        {
            "name": "Pescara Natural/Rustic Engineered Hardwood Flooring",
            "description": "Pescarapromises an economical choice within our wide planked Rustic select grade selection and is guaranteed to add a modern feel to your current or upcoming renovation with its natural\u00a0vintage color and style combination. This particular wood floor is finished with thin layers of Oil or UV Lacquer to achieve certain finish specialties like leveling, protection together with gloss and it is also wire brushed for the benefit of fine texture while maintaining a smooth appearance.",
            "details": {
                "finish": "Matte UV Urethane Aluminum Oxide Finish",
                "grade": "Rustic Select",
                "plank_length": "Random Up to 87\u2033 (Most pieces are 87\u2033)",
                "texture": "Medium Wire Brushed",
                "thickness": "5/8\"",
                "wear_layer": "4mm",
                "width": "10-1/4\u2033",
                "color": "Dark"
            },
            "images": [
                "https://villagiowoodfloors.com/wp-content/uploads/2023/07/pescara-1.jpg",
                "https://villagiowoodfloors.com/wp-content/uploads/2023/07/pescara-3.jpg",
                "https://villagiowoodfloors.com/wp-content/uploads/2023/07/pescara-4.jpg",
                "https://villagiowoodfloors.com/wp-content/uploads/2023/07/pescara-5.jpg",
                "https://villagiowoodfloors.com/wp-content/uploads/2023/07/pescara-6.jpg",
                "https://villagiowoodfloors.com/wp-content/uploads/2023/07/pescara-7.jpg",
                "https://villagiowoodfloors.com/wp-content/uploads/2023/07/pescara-8.jpg"
            ]
        },
        {
            "name": "Pomezia SP European Oak Engineered Hardwood Flooring",
            "description": "Pomezia SPpromises an economical choice for straight plank within our Rustic grade selection and we assure you that it will give a modern feel to your current or upcoming renovation with its classic European White Oak color and style combination. This distinctive wood floor is cured with layers of UV Oil to achieve both natural feel and look while maintaining excellent protection. Together with wire brushing and finish treatments, these floors boast an elegant texture while keeping a sleek presentation.",
            "details": {
                "plank_length": "Random Up to 87\u2033 (Most pieces are 87\u2033)",
                "texture": "Wire Brushed",
                "thickness": "5/8\"",
                "wear_layer": "4mm",
                "width": "8-5/8\u2033",
                "color": "Natural"
            },
            "images": [
                "https://villagiowoodfloors.com/wp-content/uploads/2023/07/PomeziaSP-01.jpg",
                "https://villagiowoodfloors.com/wp-content/uploads/2023/07/PomeziaSP-6751.jpg",
                "https://villagiowoodfloors.com/wp-content/uploads/2023/07/PomeziaSP-6758.jpg",
                "https://villagiowoodfloors.com/wp-content/uploads/2023/07/PomeziaSP-6786.jpg",
                "https://villagiowoodfloors.com/wp-content/uploads/2023/07/PomeziaSP-6787.jpg",
                "https://villagiowoodfloors.com/wp-content/uploads/2023/07/Dec9-6807-scaled-3.jpg",
                "https://villagiowoodfloors.com/wp-content/uploads/2023/07/Dec9-6802-scaled-1.jpg",
                "https://villagiowoodfloors.com/wp-content/uploads/2023/07/Dec9-6798-scaled-1.jpg",
                "https://villagiowoodfloors.com/wp-content/uploads/2023/07/Dec9-6788-scaled-1.jpg"
            ]
        },
        {
            "name": "Reggio Natural/Rustic Engineered Hardwood Flooring",
            "description": "Reggiopromises an economical choice within our wide planked Rustic select grade selection and is guaranteed to add a modern feel to your current or upcoming renovation with its natural vintage color and style combination. This particular wood floor is finished with thin layers of Oil or UV Lacquer to achieve certain finish specialties like leveling, protection together with gloss and it is also wire brushed for the benefit of fine texture while maintaining a smooth appearance.",
            "details": {
                "finish": "Matte UV Urethane Aluminum Oxide Finish",
                "grade": "Rustic Select",
                "plank_length": "Random Up to 87\u2033 (Most pieces are 87\u2033)",
                "texture": "Medium Wire Brushed",
                "thickness": "5/8\"",
                "wear_layer": "4mm",
                "width": "10-1/4\u2033",
                "color": "Grey"
            },
            "images": [
                "https://villagiowoodfloors.com/wp-content/uploads/2016/07/test-shot-1.jpg",
                "https://villagiowoodfloors.com/wp-content/uploads/2023/07/reggio-9.jpg",
                "https://villagiowoodfloors.com/wp-content/uploads/2023/07/reggio-8.jpg",
                "https://villagiowoodfloors.com/wp-content/uploads/2023/07/reggio-7.jpg",
                "https://villagiowoodfloors.com/wp-content/uploads/2023/07/reggio-6.jpg",
                "https://villagiowoodfloors.com/wp-content/uploads/2023/07/reggio-5.jpg",
                "https://villagiowoodfloors.com/wp-content/uploads/2023/07/reggio-4.jpg",
                "https://villagiowoodfloors.com/wp-content/uploads/2023/07/Reggio_Installed-1.jpg"
            ]
        },
        {
            "name": "Udine European Oak Flooring",
            "description": "Udinepromises an economical choice within our wide-planked Light Character grade selection and is guaranteed to add a modern feel to your current or upcoming renovation with its natural vintage color and style combination. This particular wood floor is finished with thin layers of Matte UV Lacquer to achieve certain finish specialties like leveling, protection together with gloss and it is also wire brushed for the benefit of fine texture while maintaining a smooth appearance.",
            "details": {
                "finish": "Matte UV Lacquer",
                "grade": "ABCD (Light Character)",
                "plank_length": "Random Up to 87\u2033 (Most pieces are 87\u2033)",
                "texture": "Wire Brushed",
                "thickness": "5/8\"",
                "wear_layer": "4mm",
                "width": "10-1/4\u2033",
                "color": "Natural"
            },
            "images": [
                "https://villagiowoodfloors.com/wp-content/uploads/2023/07/Udine-1.5.jpg",
                "https://villagiowoodfloors.com/wp-content/uploads/2023/07/Udine_041-2.jpg",
                "https://villagiowoodfloors.com/wp-content/uploads/2023/07/Udine_028-2.jpg",
                "https://villagiowoodfloors.com/wp-content/uploads/2023/07/Udine_043-2.jpg",
                "https://villagiowoodfloors.com/wp-content/uploads/2023/07/Udine_037-2.jpg",
                "https://villagiowoodfloors.com/wp-content/uploads/2023/07/Udine-1.jpg"
            ]
        },
        {
            "name": "Varese Natural/Rustic Engineered Hardwood Flooring",
            "description": "Varesepromises an economical choice within our wide planked Rustic select grade selection and is guaranteed to add a modern feel to your current or upcoming renovation with its natural vintage color and style combination. This particular wood floor is finished with thin layers of Oil or UV Lacquer to achieve certain finish specialties like leveling, protection together with gloss and it is also wire brushed for the benefit of fine texture while maintaining a smooth appearance.",
            "details": {
                "finish": "Oil",
                "grade": "Rustic Select",
                "plank_length": "Random Up to 87\u2033 (Most pieces are 87\u2033)",
                "texture": "Medium Wire Brushed",
                "thickness": "5/8\"",
                "wear_layer": "4mm",
                "width": "10-1/4\u2033",
                "color": "Grey"
            },
            "images": [
                "https://villagiowoodfloors.com/wp-content/uploads/2023/07/varese-2-2.jpg",
                "https://villagiowoodfloors.com/wp-content/uploads/2023/07/Varese-4.jpg",
                "https://villagiowoodfloors.com/wp-content/uploads/2023/07/Varese-6.jpg",
                "https://villagiowoodfloors.com/wp-content/uploads/2023/07/Varese-7.jpg",
                "https://villagiowoodfloors.com/wp-content/uploads/2023/07/Varese-8.jpg",
                "https://villagiowoodfloors.com/wp-content/uploads/2023/07/Varese-9.jpg",
                "https://villagiowoodfloors.com/wp-content/uploads/2023/07/Varese-10.jpg",
                "https://villagiowoodfloors.com/wp-content/uploads/2023/07/Varese-1-600x800-1.jpg",
                "https://villagiowoodfloors.com/wp-content/uploads/2023/07/Varese-3.jpg",
                "https://villagiowoodfloors.com/wp-content/uploads/2023/07/Varese-5.jpg",
                "https://villagiowoodfloors.com/wp-content/uploads/2023/07/Varese-11.jpg",
                "https://villagiowoodfloors.com/wp-content/uploads/2023/07/Andrea-Varese-650x555-1.jpg",
                "https://villagiowoodfloors.com/wp-content/uploads/2023/07/Varese_Installed-1.jpg"
            ]
        }
    ]
}