{
    "name": "Collina",
    "products": [
        {
            "name": "Asti Oak Engineered Hardwood Flooring",
            "description": "Astipromises an economical choice within our wide planked ABCD grade selection and is guaranteed to add a modern feel to your current or upcoming renovation with its dark fumed color and style combination. This wood floor is finished with several layers of UV lacquer in order to achieve a special finish which provides leveling, protection, as well as a light sheen. These floors are lightly wire brushed to create the benefit of fine texture while still maintaining a smooth appearance and overall feel.",
            "details": {
                "finish": "Matte UV Urethane Aluminum Oxide Finish",
                "grade": "ABCD (Character)",
                "plank_length": "Random Up to 73\u2033 (Most pieces are 73\u2033)",
                "texture": "Light Wire Brushed",
                "thickness": "5/8\"",
                "wear_layer": "3mm",
                "width": "7\u2033",
                "color": "Dark"
            },
            "images": [
                "https://villagiowoodfloors.com/wp-content/uploads/2023/07/asti-1.jpg",
                "https://villagiowoodfloors.com/wp-content/uploads/2023/07/Asti-2.jpg",
                "https://villagiowoodfloors.com/wp-content/uploads/2023/07/asti-7.jpg",
                "https://villagiowoodfloors.com/wp-content/uploads/2023/07/Asti-3.jpg",
                "https://villagiowoodfloors.com/wp-content/uploads/2023/07/Asti-4.jpg",
                "https://villagiowoodfloors.com/wp-content/uploads/2023/07/Asti-5.jpg",
                "https://villagiowoodfloors.com/wp-content/uploads/2023/07/Asti-6.jpg",
                "https://villagiowoodfloors.com/wp-content/uploads/2023/07/Asti-1-600x800-1.jpg",
                "https://villagiowoodfloors.com/wp-content/uploads/2023/07/Collina-Asti-650x555-1.jpg",
                "https://villagiowoodfloors.com/wp-content/uploads/2023/07/Asti_Installed-1.jpg"
            ]
        },
        {
            "name": "Ferrano Oak Engineered Hardwood Flooring",
            "description": "Ferranopromises an economical choice within our ABCD grade selection and is guaranteed to add a modern feel to your current or upcoming renovation with its cloudy brown vintage color and style combination. This wood floor is finished with several layers of UV lacquer in order to achieve a special finish which provides leveling, protection, as well as a light sheen. These floors are lightly wire brushed to create the benefit of fine texture while still maintaining a smooth appearance and overall feel.",
            "details": {
                "finish": "Matte UV Urethane Aluminum Oxide Finish",
                "grade": "ABCD (Character)",
                "plank_length": "Random Up to 73\u2033 (Most pieces are 73\u2033)",
                "texture": "Light Wire Brushed",
                "thickness": "5/8\"",
                "wear_layer": "3mm",
                "width": "7-1/2\u2033",
                "color": "Natural"
            },
            "images": [
                "https://villagiowoodfloors.com/wp-content/uploads/2023/07/ferrano-1.jpg",
                "https://villagiowoodfloors.com/wp-content/uploads/2023/07/ferrano-9.jpg",
                "https://villagiowoodfloors.com/wp-content/uploads/2023/07/Collina-Ferrano-06-1.jpg",
                "https://villagiowoodfloors.com/wp-content/uploads/2023/07/Collina-Ferrano-04b.jpg",
                "https://villagiowoodfloors.com/wp-content/uploads/2023/07/Collina-Ferrano-04.jpg",
                "https://villagiowoodfloors.com/wp-content/uploads/2023/07/Collina-Ferrano-02.jpg",
                "https://villagiowoodfloors.com/wp-content/uploads/2023/07/ferrano-7.jpg",
                "https://villagiowoodfloors.com/wp-content/uploads/2023/07/Ferrano_Installed-1.jpg"
            ]
        },
        {
            "name": "Gradera Oak Engineered Hardwood Flooring",
            "description": "Graderapromises an economical choice within our ABCD grade selection and is guaranteed to add a contemporary feel to your current or upcoming renovation with its light brown vintage color and style combination. This wood floor is finished with several layers of UV lacquer in order to achieve a special finish which provides leveling, protection, as well as a light sheen. These floors are lightly wire brushed to create the benefit of fine texture while still maintaining a smooth appearance and overall feel.",
            "details": {
                "finish": "Matte UV Urethane Aluminum Oxide Finish",
                "grade": "ABCD (Character)",
                "plank_length": "Random Up to 73\u2033 (Most pieces are 73\u2033)",
                "texture": "Light Wire Brushed",
                "thickness": "5/8\"",
                "wear_layer": "3mm",
                "width": "7-1/2\u2033",
                "color": "Light"
            },
            "images": [
                "https://villagiowoodfloors.com/wp-content/uploads/2023/07/gradera-1.jpg",
                "https://villagiowoodfloors.com/wp-content/uploads/2023/07/gradera-7.jpg",
                "https://villagiowoodfloors.com/wp-content/uploads/2023/07/gradera-6-1.jpg",
                "https://villagiowoodfloors.com/wp-content/uploads/2023/07/gradera-5.jpg",
                "https://villagiowoodfloors.com/wp-content/uploads/2023/07/gradera-4.jpg",
                "https://villagiowoodfloors.com/wp-content/uploads/2023/07/gradera-3.jpg",
                "https://villagiowoodfloors.com/wp-content/uploads/2023/07/gradera-2.jpg",
                "https://villagiowoodfloors.com/wp-content/uploads/2023/07/gradara.jpg",
                "https://villagiowoodfloors.com/wp-content/uploads/2023/07/Gradera_Installed-1.jpg"
            ]
        },
        {
            "name": "Ostra Oak Engineered Hardwood Flooring",
            "description": "Ostrapromises an economical choice within our wide planked ABCD grade selection and is guaranteed to add a modern feel to your current or upcoming renovation with its classic shaded color and style combination. This wood floor is finished with several layers of UV lacquer in order to achieve a special finish which provides leveling, protection, as well as a light sheen. These floors are lightly wire brushed to create the benefit of fine texture while still maintaining a smooth appearance and overall feel.",
            "details": {
                "finish": "Matte UV Urethane Aluminum Oxide Finish",
                "grade": "ABCD (Character)",
                "plank_length": "Random Up to 73\u2033 (Most pieces are 73\u2033)",
                "texture": "Light Wire Brushed",
                "thickness": "5/8\"",
                "wear_layer": "3mm",
                "width": "7-1/2\u2033",
                "color": "Grey"
            },
            "images": [
                "https://villagiowoodfloors.com/wp-content/uploads/2023/07/ostra-1.jpg",
                "https://villagiowoodfloors.com/wp-content/uploads/2023/07/Ostra-2.jpg",
                "https://villagiowoodfloors.com/wp-content/uploads/2023/07/Ostra-3.jpg",
                "https://villagiowoodfloors.com/wp-content/uploads/2023/07/Ostra-4.jpg",
                "https://villagiowoodfloors.com/wp-content/uploads/2023/07/Ostra-5.jpg",
                "https://villagiowoodfloors.com/wp-content/uploads/2023/07/ostra-6.jpg",
                "https://villagiowoodfloors.com/wp-content/uploads/2023/07/ostra-7.jpg",
                "https://villagiowoodfloors.com/wp-content/uploads/2023/07/Ostra-1-600x800-1.jpg",
                "https://villagiowoodfloors.com/wp-content/uploads/2023/07/Ostra_Installed-1.jpg"
            ]
        },
        {
            "name": "Pollenza Natural/Rustic Engineered Hardwood Flooring",
            "description": "Pollenzapromises an economical choice within our ABCD grade selection and is guaranteed to add a modern feel to your current or upcoming renovation with its tan vintage color and style combination. This wood floor is finished with several layers of UV lacquer in order to achieve a special finish which provides leveling, protection, as well as a light sheen. These floors are lightly wire brushed to create the benefit of fine texture while still maintaining a smooth appearance and overall feel.",
            "details": {
                "finish": "Matte UV Urethane Aluminum Oxide Finish",
                "grade": "ABCD (Character)",
                "plank_length": "Random Up to 73\u2033 (Most pieces are 73\u2033)",
                "texture": "Light Wire Brushed",
                "thickness": "5/8\"",
                "wear_layer": "3mm",
                "width": "7-1/2\u2033",
                "color": "Natural"
            },
            "images": [
                "https://villagiowoodfloors.com/wp-content/uploads/2023/07/pollenza-1.jpg",
                "https://villagiowoodfloors.com/wp-content/uploads/2016/07/polenza-1.jpg",
                "https://villagiowoodfloors.com/wp-content/uploads/2016/07/pellenza-2.jpg",
                "https://villagiowoodfloors.com/wp-content/uploads/2023/07/pollenza-2.jpg",
                "https://villagiowoodfloors.com/wp-content/uploads/2023/07/pollenza-3.jpg",
                "https://villagiowoodfloors.com/wp-content/uploads/2023/07/pollenza-5.jpg",
                "https://villagiowoodfloors.com/wp-content/uploads/2023/07/pollenza-6.jpg",
                "https://villagiowoodfloors.com/wp-content/uploads/2023/07/pollenza-4.jpg",
                "https://villagiowoodfloors.com/wp-content/uploads/2023/07/pollenza-7.jpg",
                "https://villagiowoodfloors.com/wp-content/uploads/2023/07/Collina-Ferrano_555x650.jpg",
                "https://villagiowoodfloors.com/wp-content/uploads/2023/07/Collina-Pollenza_555-650-1.jpg",
                "https://villagiowoodfloors.com/wp-content/uploads/2023/07/Pollenza_Installed-1.jpg"
            ]
        },
        {
            "name": "Taranto European Oak Engineered Hardwood Flooring",
            "description": "Tarantoguarantees an economical choice within our ABCD grade collection and we assure you that it will give a modern feel to your current or upcoming renovation with its classic Natural European White Oak\u00a0color and style combination. This distinctive wood floor is cured with layers of UV Lacquer Finish to create both a natural feel and look while maintaining excellent protection. Together with light sanding and wire brushing treatments, these floors boast an elegant texture while maintaining their sleek presentation.",
            "details": {
                "finish": "Matte UV Urethane Aluminum Oxide Finish",
                "grade": "ABCD (Character)",
                "plank_length": "Random Up to 73\u2033 (Most pieces are 73\u2033)",
                "texture": "Light Wire Brushed",
                "thickness": "5/8\"",
                "wear_layer": "3mm",
                "width": "7-1/2\u2033",
                "color": "Light"
            },
            "images": [
                "https://villagiowoodfloors.com/wp-content/uploads/2023/07/taranto-1.jpg",
                "https://villagiowoodfloors.com/wp-content/uploads/2023/07/Taraneo-1.jpg",
                "https://villagiowoodfloors.com/wp-content/uploads/2023/07/Taraneo-2.jpg",
                "https://villagiowoodfloors.com/wp-content/uploads/2023/07/Taraneo-3.jpg",
                "https://villagiowoodfloors.com/wp-content/uploads/2023/07/Taraneo-4.jpg",
                "https://villagiowoodfloors.com/wp-content/uploads/2023/07/Taraneo-5.jpg",
                "https://villagiowoodfloors.com/wp-content/uploads/2023/07/Taraneo-6.jpg",
                "https://villagiowoodfloors.com/wp-content/uploads/2023/07/Taraneo-1-600x800-1.jpg",
                "https://villagiowoodfloors.com/wp-content/uploads/2023/07/Taraneo-7.jpg",
                "https://villagiowoodfloors.com/wp-content/uploads/2023/07/Taraneo-8.jpg",
                "https://villagiowoodfloors.com/wp-content/uploads/2023/07/Taraneo-9.jpg",
                "https://villagiowoodfloors.com/wp-content/uploads/2023/07/taranto-2-1.jpg",
                "https://villagiowoodfloors.com/wp-content/uploads/2023/07/taranto-3.jpg",
                "https://villagiowoodfloors.com/wp-content/uploads/2023/07/taranto-4-1.jpg",
                "https://villagiowoodfloors.com/wp-content/uploads/2023/07/taranto-5-1.jpg",
                "https://villagiowoodfloors.com/wp-content/uploads/2023/07/taranto-6-1.jpg",
                "https://villagiowoodfloors.com/wp-content/uploads/2023/07/taranto-8-1.jpg",
                "https://villagiowoodfloors.com/wp-content/uploads/2023/07/Taranto_Installed-1.jpg"
            ]
        }
    ]
}