{
    "name": "Cremona",
    "products": [
        {
            "name": "Bologna European Oak Engineered Hardwood Flooring",
            "description": "Bolognapromises an economical choice for Chevron within our Rustic grade selection and we assure you that it will give a modern feel to your current or upcoming renovation with its classic European White Oak color and style combination. This distinctive wood floor is cured with layers of UV Oil to achieve both natural feel and look while maintaining excellent protection. Together with wire brushing and finish treatments, these floors boast an elegant texture while keeping a sleek presentation. For ongoing care and maintenance to preserve the timeless allure of your Bologna wood floors, we recommend usingWOCAor BONA hardwood floor products.",
            "details": {
                "finish": "UV Oil",
                "grade": "Rustic",
                "plank_length": "28-1/8\u2033",
                "texture": "Wire Brushed",
                "thickness": "5/8\"",
                "wear_layer": "4mm",
                "width": "4-3/4\u2033",
                "color": "Dark"
            },
            "images": [
                "https://villagiowoodfloors.com/wp-content/uploads/2023/07/11_ADM_Pistachio-252-FullSizeJPG-V-Main-1.jpg",
                "https://villagiowoodfloors.com/wp-content/uploads/2023/07/12_Villagio_Bologna-220-FullSizeJPG-1-1.jpg",
                "https://villagiowoodfloors.com/wp-content/uploads/2023/07/12_Villagio_Bologna-222-FullSizeJPG-1-1.jpg",
                "https://villagiowoodfloors.com/wp-content/uploads/2023/07/12_Villagio_Bologna-224-FullSizeJPG-1-1.jpg",
                "https://villagiowoodfloors.com/wp-content/uploads/2023/07/12_Villagio_Bologna-225-FullSizeJPG-1-1.jpg",
                "https://villagiowoodfloors.com/wp-content/uploads/2023/07/12_Villagio_Bologna-230-FullSizeJPG-1-1.jpg",
                "https://villagiowoodfloors.com/wp-content/uploads/2023/07/12_Villagio_Bologna-235-FullSizeJPG-1-1.jpg",
                "https://villagiowoodfloors.com/wp-content/uploads/2023/07/Bologna_Installed-1.jpg"
            ]
        },
        {
            "name": "Cosenza Natural/Rustic Engineered Hardwood Flooring",
            "description": "Cosenzaguarantees an economical choice for Herringbone within our Rustic grade selection and we assure you that it will give a modern feel to your current or upcoming renovation with its classic Natural Oak color and style combination. This distinctive wood floor is cured with layers of UV Oil to achieve both natural feel and look while maintaining excellent protection. Together with gloss and wire brushing treatments these floors boast an elegant texture while keeping a sleek presentation.",
            "details": {
                "finish": "UV Oil",
                "grade": "Rustic",
                "plank_length": "23-5/8\u2033",
                "texture": "Wire Brushed",
                "thickness": "5/8\"",
                "wear_layer": "4mm",
                "width": "4-3/4\u2033",
                "color": "Dark"
            },
            "images": [
                "https://villagiowoodfloors.com/wp-content/uploads/2023/07/10-Villagio-Cosenza-1.jpg",
                "https://villagiowoodfloors.com/wp-content/uploads/2023/07/10-Villagio-Cosenza-2.jpg",
                "https://villagiowoodfloors.com/wp-content/uploads/2023/07/10-Villagio-Cosenza-3.jpg",
                "https://villagiowoodfloors.com/wp-content/uploads/2023/07/10-Villagio-Cosenza-4.jpg",
                "https://villagiowoodfloors.com/wp-content/uploads/2023/07/10-Villagio-Cosenza-5.jpg",
                "https://villagiowoodfloors.com/wp-content/uploads/2023/07/10-Villagio-Cosenza-6.jpg",
                "https://villagiowoodfloors.com/wp-content/uploads/2023/07/10-Villagio-Cosenza-7.jpg",
                "https://villagiowoodfloors.com/wp-content/uploads/2023/07/Cosenza_Installed-1.jpg"
            ]
        },
        {
            "name": "Latteo HB European Oak Engineered Hardwood Flooring",
            "description": "Latteo HB (Herringbone)is classic Natural European White Oak color and style combination. This distinctive wood floor is cured with layers of UV Lacquer Finish to create both a natural feel and look while maintaining excellent protection. It is cut in a beautiful herringbone pattern.",
            "details": {
                "finish": "Matte UV Urethane Aluminum Oxide Finish",
                "grade": "Prime AB",
                "plank_length": "23-5/8\u2033",
                "texture": "Smooth",
                "thickness": "5/8\"",
                "wear_layer": "4mm",
                "width": "4\"",
                "color": "Grey"
            },
            "images": [
                "https://villagiowoodfloors.com/wp-content/uploads/2023/07/LatteoHB_1.jpg",
                "https://villagiowoodfloors.com/wp-content/uploads/2023/07/LatteoHB_5.jpg",
                "https://villagiowoodfloors.com/wp-content/uploads/2023/07/LatteoHB_4.jpg",
                "https://villagiowoodfloors.com/wp-content/uploads/2023/07/LatteoHB_3.jpg",
                "https://villagiowoodfloors.com/wp-content/uploads/2023/07/LatteoHB_2.jpg",
                "https://villagiowoodfloors.com/wp-content/uploads/2023/07/Latteo-HB4.jpg",
                "https://villagiowoodfloors.com/wp-content/uploads/2023/07/Latteo-HB3.jpg",
                "https://villagiowoodfloors.com/wp-content/uploads/2023/07/Latteo-HB2.jpg",
                "https://villagiowoodfloors.com/wp-content/uploads/2023/07/Latteo-HB1.jpg",
                "https://villagiowoodfloors.com/wp-content/uploads/2023/07/Latteo-HB-Top-Down2.jpg"
            ]
        },
        {
            "name": "Marsala European Engineered Hardwood Flooring",
            "description": "Marsalapromises an economical choice for Chevron within our Rustic grade selection and we assure you that it will give a modern feel to your current or upcoming renovation with its classic European White Oak color and style combination. This distinctive wood floor is cured with layers of UV Oil to achieve both natural feel and look while maintaining excellent protection. Together with wire brushing and finish treatments, these floors boast an elegant texture while keeping a sleek presentation.",
            "details": {
                "finish": "UV Oil",
                "grade": "Rustic",
                "plank_length": "28-1/8\u2033",
                "texture": "Wire Brushed",
                "thickness": "5/8\"",
                "wear_layer": "4mm",
                "width": "4-3/4\u2033",
                "color": "Natural"
            },
            "images": [
                "https://villagiowoodfloors.com/wp-content/uploads/2023/07/3_ADM_Rho-094-FullSizeJPG-V-Main-1.jpg",
                "https://villagiowoodfloors.com/wp-content/uploads/2023/07/4_Villagio_Marsala-049-FullSizeJPG-1-1.jpg",
                "https://villagiowoodfloors.com/wp-content/uploads/2023/07/4_Villagio_Marsala-054-FullSizeJPG-1-1.jpg",
                "https://villagiowoodfloors.com/wp-content/uploads/2023/07/4_Villagio_Marsala-055-FullSizeJPG-1-1.jpg",
                "https://villagiowoodfloors.com/wp-content/uploads/2023/07/4_Villagio_Marsala-060-FullSizeJPG-1-1.jpg",
                "https://villagiowoodfloors.com/wp-content/uploads/2023/07/4_Villagio_Marsala-072-FullSizeJPG-1-1.jpg",
                "https://villagiowoodfloors.com/wp-content/uploads/2023/07/4_Villagio_Marsala-073-FullSizeJPG-1-1.jpg",
                "https://villagiowoodfloors.com/wp-content/uploads/2023/07/Marsala_Installed-1.jpg"
            ]
        },
        {
            "name": "Pomezia Natural/Rustic Engineered Hardwood Flooring",
            "description": "Pomeziapromises an economical choice for Chevron within our Rustic grade selection and we assure you that it will give a modern feel to your current or upcoming renovation with its classic European White Oak color and style combination. This distinctive wood floor is cured with layers of UV Oil to achieve both natural feel and look while maintaining excellent protection. Together with wire brushing and finish treatments, these floors boast an elegant texture while keeping a sleek presentation.",
            "details": {
                "finish": "UV Oil",
                "grade": "Rustic",
                "plank_length": "28-1/8\u2033",
                "texture": "Wire Brushed",
                "thickness": "5/8\"",
                "wear_layer": "4mm",
                "width": "4-3/4\u2033",
                "color": "Natural"
            },
            "images": [
                "https://villagiowoodfloors.com/wp-content/uploads/2023/07/1_ADM_Salorno-045-FullSizeJPG-V-Main-1.jpg",
                "https://villagiowoodfloors.com/wp-content/uploads/2023/07/2_Villagio_Pomezia-004-FullSizeJPG-1-1.jpg",
                "https://villagiowoodfloors.com/wp-content/uploads/2023/07/2_Villagio_Pomezia-005-FullSizeJPG-1-1.jpg",
                "https://villagiowoodfloors.com/wp-content/uploads/2023/07/2_Villagio_Pomezia-006-FullSizeJPG-1-1.jpg",
                "https://villagiowoodfloors.com/wp-content/uploads/2023/07/2_Villagio_Pomezia-010-FullSizeJPG-1-1.jpg",
                "https://villagiowoodfloors.com/wp-content/uploads/2023/07/2_Villagio_Pomezia-012-FullSizeJPG-1-1.jpg",
                "https://villagiowoodfloors.com/wp-content/uploads/2023/07/2_Villagio_Pomezia-014-FullSizeJPG-1-1.jpg",
                "https://villagiowoodfloors.com/wp-content/uploads/2023/07/Pomezia_Installed-1.jpg"
            ]
        },
        {
            "name": "Positano European Oak Flooring",
            "description": "Positanoguarantees an economical choice for Herringbone within our ABCD grade selection and we assure you that it will give a modern feel to your current or upcoming renovation with it\u2019s classic Natural European White Oak color and style combination. This distinctive wood floor is cured with layers of Matte Oil Finish to create both a natural feel and look while maintaining excellent protection. Together with light sanding and wire brushing treatments, these floors boast an elegant texture while maintaining their sleek presentation.",
            "details": {
                "finish": "UV Oil",
                "grade": "ABCD (Character)",
                "plank_length": "23-5/8\u2033",
                "texture": "Wire Brushed",
                "thickness": "5/8\"",
                "wear_layer": "4mm",
                "width": "4-3/4\u2033",
                "color": "Dark"
            },
            "images": [
                "https://villagiowoodfloors.com/wp-content/uploads/2023/07/positano-12.jpg",
                "https://villagiowoodfloors.com/wp-content/uploads/2023/07/positano-10.jpg",
                "https://villagiowoodfloors.com/wp-content/uploads/2023/07/positano-3.jpg",
                "https://villagiowoodfloors.com/wp-content/uploads/2023/07/positano-6.jpg",
                "https://villagiowoodfloors.com/wp-content/uploads/2023/07/positano-7.jpg",
                "https://villagiowoodfloors.com/wp-content/uploads/2023/07/positano-8.jpg",
                "https://villagiowoodfloors.com/wp-content/uploads/2023/07/positano-9.jpg",
                "https://villagiowoodfloors.com/wp-content/uploads/2023/07/Positano_Installed-1.jpg"
            ]
        },
        {
            "name": "Pozzuoli Oak Engineered Hardwood Flooring",
            "description": "Pozzuolipromises an economical choice for Herringbone within our Rustic grade selection and we assure you that it will give a modern feel to your current or upcoming renovation with its classic Natural White Oak color and style combination. This distinctive wood floor is cured with layers of UV Oil to achieve both natural feel and look while maintaining excellent protection. Together with gloss and wire brushing treatments these floors boast an elegant texture while keeping a sleek presentation.",
            "details": {
                "finish": "UV Oil",
                "grade": "Rustic",
                "plank_length": "23-5/8\u2033",
                "texture": "Wire Brushed",
                "thickness": "5/8\"",
                "wear_layer": "4mm",
                "width": "4-3/4\u2033",
                "color": "Natural"
            },
            "images": [
                "https://villagiowoodfloors.com/wp-content/uploads/2023/07/10-Villagio-Pozzuoli-1-2.jpg",
                "https://villagiowoodfloors.com/wp-content/uploads/2023/07/10-Villagio-Pozzuoli-2.jpg",
                "https://villagiowoodfloors.com/wp-content/uploads/2023/07/10-Villagio-Pozzuoli-3.jpg",
                "https://villagiowoodfloors.com/wp-content/uploads/2023/07/10-Villagio-Pozzuoli-4.jpg",
                "https://villagiowoodfloors.com/wp-content/uploads/2023/07/10-Villagio-Pozzuoli-5.jpg",
                "https://villagiowoodfloors.com/wp-content/uploads/2023/07/10-Villagio-Pozzuoli-6.jpg",
                "https://villagiowoodfloors.com/wp-content/uploads/2023/07/10-Villagio-Pozzuoli-7.jpg",
                "https://villagiowoodfloors.com/wp-content/uploads/2023/07/Pozzuoli_Installed-1.jpg"
            ]
        },
        {
            "name": "Scafati Natural/Rustic Engineered Hardwood Flooring",
            "description": "Scafatipromises an economical choice for Chevron within our Rustic grade selection and we assure you that it will give a modern feel to your current or upcoming renovation with its classic European White Oak color and style combination. This distinctive wood floor is cured with layers of UV Oil to achieve both natural feel and look while maintaining excellent protection. Together with wire brushing and finish treatments, these floors boast an elegant texture while keeping a sleek presentation.",
            "details": {
                "finish": "UV Oil",
                "grade": "Rustic",
                "plank_length": "28-1/8\u2033",
                "texture": "Wire Brushed",
                "thickness": "5/8\"",
                "wear_layer": "4mm",
                "width": "4-3/4\u2033",
                "color": "Dark"
            },
            "images": [
                "https://villagiowoodfloors.com/wp-content/uploads/2023/07/7_ADM_Terni-179-FullSizeJPG-V-Main-1.jpg",
                "https://villagiowoodfloors.com/wp-content/uploads/2023/07/8_Villagio_Scafati-146-FullSizeJPG-1-1.jpg",
                "https://villagiowoodfloors.com/wp-content/uploads/2023/07/8_Villagio_Scafati-147-FullSizeJPG-1-1.jpg",
                "https://villagiowoodfloors.com/wp-content/uploads/2023/07/8_Villagio_Scafati-149-FullSizeJPG-1-1.jpg",
                "https://villagiowoodfloors.com/wp-content/uploads/2023/07/8_Villagio_Scafati-154-FullSizeJPG-1-1.jpg",
                "https://villagiowoodfloors.com/wp-content/uploads/2023/07/8_Villagio_Scafati-157-FullSizeJPG-1-1.jpg",
                "https://villagiowoodfloors.com/wp-content/uploads/2023/07/Scafati_Installed-1.jpg"
            ]
        }
    ]
}