{
    "name": "Del Mare",
    "products": [
        {
            "name": "Faenza European Oak Engineered Hardwood",
            "description": "Faenzapromises an economical choice within our In-house selection and is guaranteed to add a modern feel to your current or upcoming renovation. This particular wood floor is finished with several layers of UV lacquer in order to achieve a special finish which provides leveling, protection, as well as a light sheen. These floors are also wire brushed to create the benefit of fine texture while still maintaining a smooth appearance and overall feel.",
            "details": {
                "finish": "Matte UV Urethane Aluminum Oxide Finish",
                "grade": "ABCD (Character)",
                "plank_length": "Random Up to 87\u2033 (Most pieces are 87\u2033)",
                "texture": "Wire Brushed",
                "thickness": "5/8\"",
                "wear_layer": "4mm",
                "width": "10-1/4\u2033",
                "color": "Natural"
            },
            "images": [
                "https://villagiowoodfloors.com/wp-content/uploads/2023/07/faenza-1.jpg",
                "https://villagiowoodfloors.com/wp-content/uploads/2023/07/faenza-6.jpg",
                "https://villagiowoodfloors.com/wp-content/uploads/2023/07/faenza-4.jpg",
                "https://villagiowoodfloors.com/wp-content/uploads/2023/07/faenza-7.jpg",
                "https://villagiowoodfloors.com/wp-content/uploads/2023/07/faenza-8.jpg",
                "https://villagiowoodfloors.com/wp-content/uploads/2023/07/faenza-5.jpg",
                "https://villagiowoodfloors.com/wp-content/uploads/2023/07/faenza-3.jpg",
                "https://villagiowoodfloors.com/wp-content/uploads/2023/07/Faenza_Installed-1.jpg"
            ]
        },
        {
            "name": "Ferrara European White Oak Engineered Hardwood",
            "description": "Ferrarapromises an economical choice within our wide-planked ABCD grade selection and is guaranteed to add a modern feel to your current or upcoming renovation with its natural\u00a0vintage color and style combination. This particular wood floor is finished with thin layers of UV\u00a0Oil to achieve certain finish specialties like leveling, protection together with gloss and it is also wire brushed for the benefit of fine texture while maintaining a smooth appearance.",
            "details": {
                "finish": "UV Oil",
                "grade": "ABCD (Character)",
                "plank_length": "Random Up to 87\u2033 (Most pieces are 87\u2033)",
                "texture": "Wire Brushed",
                "thickness": "5/8\"",
                "wear_layer": "4mm",
                "width": "10-1/4\u2033",
                "color": "Grey"
            },
            "images": [
                "https://villagiowoodfloors.com/wp-content/uploads/2023/07/ferrara-2.jpg",
                "https://villagiowoodfloors.com/wp-content/uploads/2023/07/DelMare-Ferrara_6.jpg",
                "https://villagiowoodfloors.com/wp-content/uploads/2023/07/DelMare-Ferrara_7.jpg",
                "https://villagiowoodfloors.com/wp-content/uploads/2023/07/DelMare-Ferrara_8-1.jpg",
                "https://villagiowoodfloors.com/wp-content/uploads/2023/07/DelMare-Ferrara_4.jpg",
                "https://villagiowoodfloors.com/wp-content/uploads/2023/07/ferrara-3.jpg",
                "https://villagiowoodfloors.com/wp-content/uploads/2023/07/ferrara-4.jpg",
                "https://villagiowoodfloors.com/wp-content/uploads/2023/07/Ferrara-1.jpg",
                "https://villagiowoodfloors.com/wp-content/uploads/2023/07/Ferrara-5.jpg",
                "https://villagiowoodfloors.com/wp-content/uploads/2023/07/Ferrara-6.jpg",
                "https://villagiowoodfloors.com/wp-content/uploads/2023/07/Ferrara-7.jpg",
                "https://villagiowoodfloors.com/wp-content/uploads/2023/07/Ferrara-8.jpg",
                "https://villagiowoodfloors.com/wp-content/uploads/2023/07/Ferrara-9.jpg",
                "https://villagiowoodfloors.com/wp-content/uploads/2023/07/Ferrara-10.jpg",
                "https://villagiowoodfloors.com/wp-content/uploads/2023/07/SeaSmoke-096.jpg",
                "https://villagiowoodfloors.com/wp-content/uploads/2023/07/SeaSmoke-088.jpg",
                "https://villagiowoodfloors.com/wp-content/uploads/2023/07/SeaSmoke-090.jpg",
                "https://villagiowoodfloors.com/wp-content/uploads/2023/07/SeaSmoke-094.jpg",
                "https://villagiowoodfloors.com/wp-content/uploads/2023/07/DelMare-Ferrara.jpg",
                "https://villagiowoodfloors.com/wp-content/uploads/2023/07/DelMare-Ferrara_3.jpg",
                "https://villagiowoodfloors.com/wp-content/uploads/2023/07/DelMare-Ferrara_5.jpg",
                "https://villagiowoodfloors.com/wp-content/uploads/2023/07/Ferrara_Installed-1.jpg"
            ]
        },
        {
            "name": "Porto White Oak Engineered Hardwood Flooring",
            "description": "Portopromises an economical choice within our wider planked ABCD Character grade selection and is guaranteed to add a modern feel to your current or upcoming renovation with its natural vintage color and style combination. This particular wood floor is finished with thin layers of UV Lacquer to achieve certain finish specialties like leveling, protection together with gloss and it is also wire brushed for the benefit of fine texture while maintaining a smooth appearance.",
            "details": {
                "finish": "Matte UV Urethane Aluminum Oxide Finish",
                "grade": "ABCD (Character)",
                "plank_length": "Random Up to 87\u2033 (Most pieces are 87\u2033)",
                "texture": "Wire Brushed",
                "thickness": "5/8\"",
                "wear_layer": "4mm",
                "width": "10-1/4\u2033",
                "color": "Dark"
            },
            "images": [
                "https://villagiowoodfloors.com/wp-content/uploads/2023/07/Porto_Villa_1.jpg",
                "https://villagiowoodfloors.com/wp-content/uploads/2023/07/Porto_007-2.jpg",
                "https://villagiowoodfloors.com/wp-content/uploads/2023/07/Porto_005-2.jpg",
                "https://villagiowoodfloors.com/wp-content/uploads/2023/07/Porto_008-2.jpg",
                "https://villagiowoodfloors.com/wp-content/uploads/2023/07/Porto_004-2.jpg",
                "https://villagiowoodfloors.com/wp-content/uploads/2023/07/Porto_Villa_1.5.jpg"
            ]
        },
        {
            "name": "Unfinished 10-1/4\u2033 Oak Engineered Hardwood Flooring",
            "description": "Unfinished 10.25\u2033promises an economical choice within our wide-planked ABCD grade selection and is guaranteed to add a modern feel to your current or upcoming renovation with its natural color and style combination. This particular wood floor is unfinished and unstained for the benefit of fine texture while maintaining a smooth appearance. You can simply seal this flooring or stain and seal this flooring to your liking.",
            "details": {
                "finish": "Unfinished",
                "grade": "ABCD (Character)",
                "plank_length": "Random Up to 87\u2033 (Most pieces are 87\u2033)",
                "texture": "Unfinished",
                "thickness": "5/8\"",
                "wear_layer": "4mm",
                "width": "10-1/4\u2033",
                "color": "Natural"
            },
            "images": [
                "https://villagiowoodfloors.com/wp-content/uploads/2023/07/DelMare-Unfinished-10.25_555x650.jpg",
                "https://villagiowoodfloors.com/wp-content/uploads/2023/07/Unfinished-038.jpg",
                "https://villagiowoodfloors.com/wp-content/uploads/2023/07/Unfinished-039.jpg",
                "https://villagiowoodfloors.com/wp-content/uploads/2023/07/Unfinished-046.jpg",
                "https://villagiowoodfloors.com/wp-content/uploads/2023/07/Unfinished-043.jpg",
                "https://villagiowoodfloors.com/wp-content/uploads/2023/07/Unfinished-040.jpg",
                "https://villagiowoodfloors.com/wp-content/uploads/2023/07/Unfinished-045.jpg",
                "https://villagiowoodfloors.com/wp-content/uploads/2023/07/IMG_0394-Main-2-scaled-1.jpg",
                "https://villagiowoodfloors.com/wp-content/uploads/2023/07/Unfinished-10.25in-055-web.jpg",
                "https://villagiowoodfloors.com/wp-content/uploads/2023/07/Unfinished-10.25in-062-web.jpg",
                "https://villagiowoodfloors.com/wp-content/uploads/2023/07/Unfinished-10.25in-063-web.jpg",
                "https://villagiowoodfloors.com/wp-content/uploads/2023/07/Unfinished-10.25in-070-main.jpg",
                "https://villagiowoodfloors.com/wp-content/uploads/2023/07/DelMare-Unfinished-10.25_0.jpg",
                "https://villagiowoodfloors.com/wp-content/uploads/2023/07/DelMare-Unfinished-10.25_1.jpg",
                "https://villagiowoodfloors.com/wp-content/uploads/2023/07/DelMare-Unfinished-10.25_2.jpg",
                "https://villagiowoodfloors.com/wp-content/uploads/2023/07/DelMare-Unfinished-10.25_3.jpg",
                "https://villagiowoodfloors.com/wp-content/uploads/2023/07/DelMare-Unfinished-10.25_4.jpg",
                "https://villagiowoodfloors.com/wp-content/uploads/2023/07/DelMare-Unfinished-10.25_12.jpg",
                "https://villagiowoodfloors.com/wp-content/uploads/2023/07/DelMare-Unfinished-10.25_4-1.jpg",
                "https://villagiowoodfloors.com/wp-content/uploads/2023/07/DelMare-Unfinished-10.25_10.jpg",
                "https://villagiowoodfloors.com/wp-content/uploads/2023/07/DelMare-Unfinished-10.25_0-1.jpg",
                "https://villagiowoodfloors.com/wp-content/uploads/2023/07/DelMare-Unfinished-10.25_2-1.jpg",
                "https://villagiowoodfloors.com/wp-content/uploads/2023/07/DelMare-Unfinished-10.25_12-1.jpg",
                "https://villagiowoodfloors.com/wp-content/uploads/2023/07/DelMare-Unfinished-10.25_11.jpg",
                "https://villagiowoodfloors.com/wp-content/uploads/2023/07/DelMare-Unfinished-10.25_1-1.jpg",
                "https://villagiowoodfloors.com/wp-content/uploads/2023/07/Unfinished10.25_Installed-1-1.jpg"
            ]
        },
        {
            "name": "Verona Walnut Engineered Hardwood",
            "description": "Veronapromises an economical choice within our wider planked ABCD grade selection and is guaranteed to add a modern feel to your current or upcoming renovation with its natural\u00a0vintage color and style combination. This particular wood floor is finished with thin layers of UV\u00a0Oil to achieve certain finish specialties like leveling, protection together with gloss and it is also wire brushed for the benefit of fine texture while maintaining a smooth appearance.",
            "details": {
                "finish": "Matte UV Urethane Aluminum Oxide Finish",
                "grade": "ABCD (Character)",
                "plank_length": "Random Up to 87\u2033 (Most pieces are 87\u2033)",
                "texture": "Wire Brushed",
                "thickness": "5/8\"",
                "wear_layer": "4mm",
                "width": "10-1/4\u2033",
                "color": "Grey"
            },
            "images": [
                "https://villagiowoodfloors.com/wp-content/uploads/2023/07/verona-1.jpg",
                "https://villagiowoodfloors.com/wp-content/uploads/2023/07/verona-6.jpg",
                "https://villagiowoodfloors.com/wp-content/uploads/2023/07/verona-7.jpg",
                "https://villagiowoodfloors.com/wp-content/uploads/2023/07/verona-8.jpg",
                "https://villagiowoodfloors.com/wp-content/uploads/2023/07/verona-9.jpg",
                "https://villagiowoodfloors.com/wp-content/uploads/2023/07/verona-10.jpg",
                "https://villagiowoodfloors.com/wp-content/uploads/2023/07/verona-11.jpg",
                "https://villagiowoodfloors.com/wp-content/uploads/2023/07/Verona_Installed-1.jpg"
            ]
        }
    ]
}